{"cameraMode":{"drawMode":0,"name":"Shaded","section":"Shading Mode"},"sceneLighting":false,"audioPlay":false,"sceneViewState":{"m_AlwaysRefresh":false,"showFog":true,"showSkybox":false,"showFlares":true,"showImageEffects":true,"showParticleSystems":true,"showVisualEffectGraphs":true,"m_FxEnabled":true},"in2DMode":false,"pivot":{"x":0.054674141108989719,"y":0.8145081400871277,"z":-0.7549160122871399},"rotation":{"x":0.10874825716018677,"y":-0.08934955298900604,"z":0.009828969836235047,"w":0.990081250667572},"size":1.405432105064392,"orthographic":false}