{"cameraMode":{"drawMode":0,"name":"Shaded","section":"Shading Mode"},"sceneLighting":false,"audioPlay":false,"sceneViewState":{"m_AlwaysRefresh":false,"showFog":true,"showSkybox":false,"showFlares":true,"showImageEffects":true,"showParticleSystems":true,"showVisualEffectGraphs":true,"m_FxEnabled":true},"in2DMode":false,"pivot":{"x":-0.00824507512152195,"y":1.9476299285888672,"z":1.2167226076126099},"rotation":{"x":0.00017048142035491765,"y":-0.9754408597946167,"z":0.22058597207069398,"w":0.000777601613663137},"size":2.622450590133667,"orthographic":false}