{"cameraMode":{"drawMode":0,"name":"Shaded","section":"Shading Mode"},"sceneLighting":false,"audioPlay":false,"sceneViewState":{"m_AlwaysRefresh":false,"showFog":true,"showSkybox":false,"showFlares":true,"showImageEffects":true,"showParticleSystems":true,"showVisualEffectGraphs":true,"m_FxEnabled":true},"in2DMode":false,"pivot":{"x":0.24508310854434968,"y":0.11287740617990494,"z":-0.8303355574607849},"rotation":{"x":-0.018123360350728036,"y":-0.47452211380004885,"z":-0.00979484524577856,"w":0.8800770044326782},"size":0.8660253882408142,"orthographic":false}